[
  {
    "item_id": "kakasjdkk123123qu301231931kasd",
    "title": "Intro",
    "episodes": [
      {
        "item_id": "jn1j11132138857482191341nk1345laaa",
        "title": "Course plan"
      },
      {
        "item_id": "19918231o1okk1k1kwdn1o4u141oh1eklq1e13131111",
        "title": "Setting up your environment"
      }
    ]
  },
  {
    "item_id": "Isdflkjjsdf90sdf098sd09f8",
    "title": "Module 1",
    "episodes": [],
    "__typename": "Module"
  },
  {
    "item_id": "Dfsdfesdfsesdfkjslkdjflkj",
    "title": "Module 2",
    "episodes": [],
    "__typename": "Module"
  },
  {
    "item_id": "Jdhjhdhvnnkjdlfjlksjdlf",
    "title": "Module 3",
    "episodes": [],
    "__typename": "Module"
  },
  {
    "item_id": "kakasjdkk99s9f09sdf123123qu301231931kasd",
    "title": "Module 4",
    "episodes": [],
    "__typename": "Module"
  },
  {
    "item_id": "33434sdfsdfsdfsdf",
    "title": "Final exam",
    "episodes": [],
    "__typename": "Module"
  },
  {
    "item_id": "sferw3434234234234234234",
    "title": "Parting words",
    "episodes": [],
    "__typename": "Module"
  }
]
