[
  {
    "id": 1,
    "name": "Baillie",
    "description": "Gritton",
    "items": [
      {
        "id": 1,
        "name": "Bangladesh",
        "description": "something"
      },
      {
        "id": 2,
        "name": "India",
        "description": "something"
      },
      {
        "id": 3,
        "name": "Pakistan",
        "description": "something"
      },
      {
        "id": 4,
        "name": "Afganistan",
        "description": "something"
      }
    ]
  },
  {
    "id": 2,
    "name": "Molly",
    "description": "Murr",
    "items": [
      {
        "id": 5,
        "name": "Brazil",
        "description": "something"
      },
      {
        "id": 6,
        "name": "Peru",
        "description": "something"
      },
      {
        "id": 7,
        "name": "Franch",
        "description": "something"
      },
      {
        "id": 8,
        "name": "Malasia",
        "description": "something"
      }
    ]
  },
  {
    "id": 3,
    "name": "Margery",
    "description": "Ivanov",
    "items": null
  },
  {
    "id": 4,
    "name": "Lauretta",
    "description": "Minmagh"
  },
  {
    "id": 5,
    "name": "Rafael",
    "description": "Rahl",
    "items": [
      {
        "id": 1,
        "name": "something",
        "description": "something"
      },
      {
        "id": 2,
        "name": "something",
        "description": "something"
      },
      {
        "id": 3,
        "name": "something",
        "description": "something"
      },
      {
        "id": 4,
        "name": "something",
        "description": "something"
      }
    ]
  },
  {
    "id": 6,
    "name": "Selina",
    "description": "Frensch",
    "items": [
      {
        "id": 1,
        "name": "something",
        "description": "something"
      },
      {
        "id": 2,
        "name": "something",
        "description": "something"
      },
      {
        "id": 3,
        "name": "something",
        "description": "something"
      },
      {
        "id": 4,
        "name": "something",
        "description": "something"
      }
    ]
  },
  {
    "id": 7,
    "name": "Clark",
    "description": "Cudworth",
    "items": [
      {
        "id": 1,
        "name": "something",
        "description": "something"
      },
      {
        "id": 2,
        "name": "something",
        "description": "something"
      },
      {
        "id": 3,
        "name": "something",
        "description": "something"
      },
      {
        "id": 4,
        "name": "something",
        "description": "something"
      }
    ]
  },
  {
    "id": 8,
    "name": "Katinka",
    "description": "Haylett",
    "items": [
      {
        "id": 1,
        "name": "something",
        "description": "something"
      },
      {
        "id": 2,
        "name": "something",
        "description": "something"
      },
      {
        "id": 3,
        "name": "something",
        "description": "something"
      },
      {
        "id": 4,
        "name": "something",
        "description": "something"
      }
    ]
  },
  {
    "id": 9,
    "name": "Ronnie",
    "description": "Hillock",
    "items": [
      {
        "id": 1,
        "name": "something",
        "description": "something"
      },
      {
        "id": 2,
        "name": "something",
        "description": "something"
      },
      {
        "id": 3,
        "name": "something",
        "description": "something"
      },
      {
        "id": 4,
        "name": "something",
        "description": "something"
      }
    ]
  },
  {
    "id": 10,
    "name": "Brennen",
    "description": "Eton",
    "items": [
      {
        "id": 1,
        "name": "something",
        "description": "something"
      },
      {
        "id": 2,
        "name": "something",
        "description": "something"
      },
      {
        "id": 3,
        "name": "something",
        "description": "something"
      },
      {
        "id": 4,
        "name": "something",
        "description": "something"
      }
    ]
  }
]
